{"cameraMode":{"drawMode":0,"name":"Shaded","section":"Shading Mode"},"sceneLighting":true,"audioPlay":false,"sceneViewState":{"m_AlwaysRefresh":false,"showFog":true,"showSkybox":true,"showFlares":true,"showImageEffects":true,"showParticleSystems":true,"showVisualEffectGraphs":true,"m_FxEnabled":true},"in2DMode":false,"pivot":{"x":11.17058277130127,"y":-47.831764221191409,"z":30.510709762573243},"rotation":{"x":-0.32790857553482058,"y":-0.08287746459245682,"z":0.028980156406760217,"w":-0.9407215714454651},"size":70.71067810058594,"orthographic":false}