{"cameraMode":{"drawMode":0,"name":"Shaded","section":"Shading Mode"},"sceneLighting":true,"audioPlay":false,"sceneViewState":{"m_AlwaysRefresh":false,"showFog":true,"showSkybox":true,"showFlares":true,"showImageEffects":true,"showParticleSystems":true,"showVisualEffectGraphs":true,"m_FxEnabled":true},"in2DMode":false,"pivot":{"x":4.031778335571289,"y":62.04388427734375,"z":-23.740571975708009},"rotation":{"x":-0.6107799410820007,"y":-0.00023783901997376233,"z":0.00018702837405726314,"w":-0.7918602824211121},"size":16.784513473510743,"orthographic":false}