{"cameraMode":{"drawMode":0,"name":"Shaded","section":"Shading Mode"},"sceneLighting":true,"audioPlay":false,"sceneViewState":{"m_AlwaysRefresh":false,"showFog":true,"showSkybox":true,"showFlares":true,"showImageEffects":true,"showParticleSystems":true,"showVisualEffectGraphs":true,"m_FxEnabled":true},"in2DMode":false,"pivot":{"x":2.6849844455718996,"y":74.2486572265625,"z":-22.680206298828126},"rotation":{"x":-0.5488026142120361,"y":0.032835450023412707,"z":-0.021574722602963449,"w":-0.8350830674171448},"size":16.784513473510743,"orthographic":false}