{"cameraMode":{"drawMode":0,"name":"Shaded","section":"Shading Mode"},"sceneLighting":true,"audioPlay":false,"sceneViewState":{"m_AlwaysRefresh":false,"showFog":true,"showSkybox":true,"showFlares":true,"showImageEffects":true,"showParticleSystems":true,"showVisualEffectGraphs":true,"m_FxEnabled":true},"in2DMode":false,"pivot":{"x":-2.3791897296905519,"y":36.637413024902347,"z":-46.92373275756836},"rotation":{"x":-0.41053226590156557,"y":0.003034343710169196,"z":-0.001293193781748414,"w":-0.911916971206665},"size":17.53981590270996,"orthographic":false}